title,description,start_date,end_date
Arm Guitar Project,Object-based background ability,2022-07-07,2025-07-15
Executive Guitar Project,Robust upward-trending system engine,2023-01-28,2025-08-19
Those Guitar Project,Visionary client-driven analyzer,2023-09-14,2024-10-25
However Guitar Project,Total impactful structure,2022-10-06,2025-08-05
Per Guitar Project,Devolved local portal,2023-12-13,2026-01-17
News Guitar Project,Up-sized value-added instruction set,2023-01-06,2025-02-12
Community Guitar Project,Reverse-engineered methodical productivity,2022-11-28,2025-10-26
Performance Guitar Project,Innovative full-range forecast,2023-05-07,2025-12-12
Recognize Guitar Project,Ameliorated encompassing pricing structure,2022-09-28,2025-03-22
Investment Guitar Project,Face-to-face regional neural-net,2023-06-09,2025-04-18
Though Guitar Project,Enhanced object-oriented portal,2022-06-10,2025-01-15
Able Guitar Project,Operative zero tolerance Internet solution,2023-03-20,2025-04-12
Dinner Guitar Project,Synchronized neutral knowledgebase,2022-06-22,2024-08-16
Increase Guitar Project,Programmable context-sensitive access,2022-10-24,2024-07-28
Election Guitar Project,Future-proofed radical flexibility,2023-11-15,2025-05-09
Her Guitar Project,Centralized national artificial intelligence,2023-10-29,2024-10-04
Democrat Guitar Project,Function-based bi-directional application,2023-04-11,2025-09-27
Go Guitar Project,Total user-facing policy,2024-01-26,2025-08-07
Evidence Guitar Project,Customer-focused tertiary contingency,2023-07-12,2026-03-11
Kitchen Guitar Project,Inverse fault-tolerant Graphic Interface,2023-01-13,2026-06-02
Even Guitar Project,Profit-focused systematic synergy,2022-10-31,2025-02-24
Take Guitar Project,Secured 4thgeneration synergy,2023-05-30,2026-03-12
Order Guitar Project,Decentralized 6thgeneration groupware,2023-04-25,2025-12-22
Management Guitar Project,Optimized bottom-line installation,2022-07-04,2025-07-02
Speech Guitar Project,Assimilated needs-based functionalities,2023-12-21,2024-10-21
Former Guitar Project,Self-enabling maximized project,2023-11-04,2025-08-10
Couple Guitar Project,Enterprise-wide eco-centric budgetary management,2023-06-01,2024-08-31
Crime Guitar Project,Phased optimal application,2022-09-15,2025-01-26
Modern Guitar Project,Reduced maximized Internet solution,2022-11-23,2025-10-04
Music Guitar Project,Intuitive transitional hierarchy,2023-09-19,2024-10-19
